date,NO2,SO2,CO,O3,PM25,wd,ws,temp,RH,P
1/1/2020 00:00,95.88,450.64,174.04,428,162.6,297,0,21.4,0.5,935.7
1/1/2020 01:00,95.88,450.64,171.75,428,137.7,177,0,21.3,0.5,935.6
1/1/2020 02:00,90.24,445.4,168.315,420,85.3,123,0.2,21.4,0.5,935.4
1/1/2020 03:00,97.76,450.64,169.46,442,60.5,79,0,21.1,0.5,935.3
1/1/2020 04:00,97.76,450.64,168.315,426,38.5,95,0.6,21,0.5,935.2
1/1/2020 05:00,94,455.88,171.75,426,29.4,143,0,20.8,0.5,935.1
1/1/2020 06:00,86.48,450.64,178.62,428,18.6,35,0,20.7,0.6,934.9
1/1/2020 07:00,88.36,455.88,195.795,444,NA,4,0.6,20.8,0.5,934.7
1/1/2020 08:00,86.48,466.36,216.405,440,16.4,1,0.4,21,0.5,934.6
1/1/2020 09:00,86.48,468.98,231.29,446,0.1,359,0.9,22.1,0.5,934.6
1/1/2020 10:00,86.48,471.6,240.45,446,0.1,349,0.7,22,0.6,934.4
1/1/2020 11:00,88.36,474.22,247.32,446,0.1,355,0.6,21.8,0.5,934.3
1/1/2020 12:00,88.36,474.22,257.625,446,0.1,10,0.3,21.6,0.5,934.2
1/1/2020 13:00,86.48,479.46,270.22,446,0.1,26,0.4,21.3,0.5,934.1
1/1/2020 14:00,90.24,482.08,286.25,450,0.1,18,0.2,21.1,0.5,934.1
1/1/2020 15:00,90.24,487.32,311.44,446,0.1,355,0.9,21.6,100,934
1/1/2020 16:00,92.12,489.94,337.775,446,0.1,10,0.5,21.8,100,933.9
1/1/2020 17:00,94,492.56,364.11,444,0.1,19,0.5,21.8,100,933.8
1/1/2020 18:00,95.88,495.18,388.155,440,0.1,13,0.2,21.7,100,933.8
1/1/2020 19:00,94,503.04,412.2,434,0.1,292,0.2,21.4,100,933.8
1/1/2020 20:00,97.76,505.66,435.1,440,0.1,303,0.6,21.1,100,933.8
1/1/2020 21:00,97.76,510.9,463.725,436,0.1,358,0.5,21.3,100,933.8
1/1/2020 22:00,99.64,516.14,488.915,434,0.1,308,1,21.6,100,933.8
1/1/2020 23:00,101.52,518.76,503.8,430,0.1,275,1.4,21.5,100,933.9
2/1/2020 00:00,103.4,518.76,511.815,430,0.1,229,1,20.9,100,934
2/1/2020 01:00,101.52,521.38,517.54,426,0.1,59,0,20.2,100,934
2/1/2020 02:00,103.4,521.38,519.83,430,0.1,304,1.1,19.9,100,934.1
2/1/2020 03:00,105.28,518.76,516.395,428,0.1,185,0,19.7,100,934
2/1/2020 04:00,103.4,518.76,510.67,426,0.1,257,1.5,19.7,100,934
2/1/2020 05:00,103.4,518.76,503.8,430,0.1,293,0.1,19.8,100,934.1
2/1/2020 06:00,103.4,516.14,495.785,430,0.1,299,0.2,19.3,100,934.1
2/1/2020 07:00,103.4,516.14,484.335,432,0,137,1.1,19.3,100,934.2
2/1/2020 08:00,103.4,513.52,474.03,432,0,187,0.3,19.2,100,934.2
2/1/2020 09:00,103.4,508.28,462.58,432,0.1,0,0.6,19,100,934.2
2/1/2020 10:00,103.4,508.28,452.275,434,0.1,265,1.2,18.9,100,934.3
2/1/2020 11:00,103.4,505.66,445.405,434,0.1,57,0.2,18.9,100,934.4
2/1/2020 12:00,103.4,508.28,441.97,432,0.1,104,0.9,18.9,0.5,934.5
2/1/2020 13:00,103.4,508.28,438.535,436,0.1,70,0.6,18.7,0.5,934.6
2/1/2020 14:00,103.4,505.66,436.245,436,0.1,79,0,18.8,100,934.6
2/1/2020 15:00,103.4,508.28,435.1,434,0,47,0.6,19.1,100,934.7
2/1/2020 16:00,103.4,508.28,436.245,434,0.1,54,0.1,19.7,100,934.9
2/1/2020 17:00,105.28,508.28,437.39,436,0.1,359,0.2,19.8,100,935
2/1/2020 18:00,105.28,508.28,441.97,434,0.1,28,0.4,19.8,100,935.2
2/1/2020 19:00,107.16,510.9,448.84,434,0.1,263,0.3,19.9,100,935.4
2/1/2020 20:00,107.16,510.9,456.855,434,0.1,236,0,20.2,100,935.5
2/1/2020 21:00,105.28,516.14,467.16,432,0.1,268,1,20.4,100,935.7
2/1/2020 22:00,105.28,518.76,478.61,438,0.1,171,0,20.7,100,935.9
2/1/2020 23:00,105.28,518.76,490.06,436,0.1,163,0,21.2,100,936.1
3/1/2020 00:00,107.16,521.38,501.51,436,111.2,82,0,21.2,100,936.2
3/1/2020 01:00,107.16,524,514.105,434,80.5,359,0,21.3,100,936.3
3/1/2020 02:00,105.28,529.24,526.7,432,18,77,0.3,22,100,936.4
3/1/2020 03:00,107.16,531.86,538.15,436,8.1,291,0.3,22.9,100,936.5
3/1/2020 04:00,109.04,521.38,548.455,434,10.2,274,1.7,22.5,100,936.6
3/1/2020 05:00,107.16,534.48,563.34,428,31,257,1.1,22.7,100,936.5
3/1/2020 06:00,109.04,534.48,574.79,434,55.9,317,0.2,22.9,100,936.6
3/1/2020 07:00,109.04,526.62,583.95,434,46.9,316,0.3,23.3,100,936.7
3/1/2020 08:00,109.04,529.24,593.11,432,12.7,336,0.9,24.3,100,936.8
3/1/2020 09:00,109.04,537.1,602.27,434,29.8,59,1,25.5,100,936.8
3/1/2020 10:00,109.04,539.72,609.14,434,18.6,348,1.1,25,100,936.8
3/1/2020 11:00,109.04,542.34,613.72,434,19.6,35,0.6,25.4,100,936.8
3/1/2020 12:00,105.28,544.96,618.3,434,38.1,309,0.8,26.3,100,936.8
3/1/2020 13:00,105.28,544.96,622.88,440,21,15,1.4,25.8,100,936.8
3/1/2020 14:00,109.04,542.34,626.315,438,37,333,0.9,26.2,100,936.8
3/1/2020 15:00,105.28,544.96,628.605,432,23.4,340,0.7,25.9,100,936.8
3/1/2020 16:00,105.28,544.96,629.75,438,29.2,339,0.6,26.5,100,936.7
3/1/2020 17:00,105.28,544.96,630.895,438,19.7,60,0.8,26.5,100,936.6
3/1/2020 18:00,105.28,544.96,630.895,438,17.3,8,0.8,26.7,100,936.4
3/1/2020 19:00,105.28,544.96,633.185,438,17.6,15,1,27,100,936.2
3/1/2020 20:00,105.28,547.58,636.62,438,5,1,1.7,26.9,100,936.1
3/1/2020 21:00,105.28,547.58,637.765,436,4.2,312,1,27.7,0.5,935.9
3/1/2020 22:00,101.52,550.2,637.765,436,2.4,22,1.4,27.9,0.5,935.8
3/1/2020 23:00,105.28,547.58,638.91,442,1.4,25,0.9,27.9,0.5,935.6
4/1/2020 00:00,105.28,544.96,641.2,438,4.7,57,0.8,27.9,0.5,935.5
4/1/2020 01:00,105.28,544.96,642.345,438,6.6,342,1.1,28.2,0.5,935.2
4/1/2020 02:00,101.52,547.58,640.055,436,1.8,31,1.1,28.7,0.5,935.1
4/1/2020 03:00,101.52,544.96,636.62,442,1.6,314,0.6,28.3,0.5,934.9
4/1/2020 04:00,99.64,544.96,628.605,442,3.9,85,1.9,28.4,0.5,934.7
4/1/2020 05:00,99.64,542.34,618.3,444,11.7,144,1.7,28.2,0.5,934.4
4/1/2020 06:00,99.64,539.72,607.995,444,30.8,26,1.5,29.3,0.5,934.3
4/1/2020 07:00,97.76,539.72,599.98,446,46.4,109,0.6,29.1,0.5,934.2
4/1/2020 08:00,97.76,537.1,590.82,446,14.2,345,1,29,0.5,934
4/1/2020 09:00,95.88,537.1,581.66,446,45,93,1.4,29.5,0.5,933.8
4/1/2020 10:00,95.88,537.1,572.5,448,40.7,34,0.5,29.7,0.8,933.6
4/1/2020 11:00,94,534.48,561.05,448,35.7,278,1.1,29.5,0.5,933.5
4/1/2020 12:00,94,534.48,550.745,450,48.7,354,0.4,30.2,0.5,933.4
4/1/2020 13:00,92.12,531.86,543.875,450,28.9,11,2,30,0.5,933.2
4/1/2020 14:00,92.12,531.86,540.44,452,39.2,48,1.4,30.4,0.5,933.1
4/1/2020 15:00,94,531.86,541.585,452,45.9,84,1.2,30,0.5,932.9
4/1/2020 16:00,92.12,534.48,546.165,450,41.4,16,2,30,0.5,932.7
4/1/2020 17:00,90.24,534.48,549.6,454,47,32,1,30.1,0.5,932.7
4/1/2020 18:00,86.48,537.1,554.18,456,27.8,78,1.1,29.3,0.5,932.6
4/1/2020 19:00,84.6,539.72,559.905,462,16.3,158,3,28.3,100,932.4
4/1/2020 20:00,82.72,542.34,566.775,464,8.3,215,0.5,27.8,0.5,932.4
4/1/2020 21:00,80.84,544.96,575.935,468,0.1,167,1.4,27.9,0.5,932.5
4/1/2020 22:00,77.08,547.58,587.385,468,0.1,234,0.8,28.4,0.5,932.4
4/1/2020 23:00,77.08,550.2,595.4,472,0.1,271,0.8,28,0.5,932.4
5/1/2020 00:00,75.2,555.44,604.56,472,1,203,2.4,27.5,0.5,932.3
5/1/2020 01:00,75.2,560.68,625.17,476,0.1,146,1.9,26.8,100,932.4
5/1/2020 02:00,75.2,563.3,652.65,476,0.1,230,1.5,26.7,100,932.4
5/1/2020 03:00,73.32,568.54,673.26,474,0.1,209,1.1,26.4,100,932.5
5/1/2020 04:00,75.2,571.16,688.145,478,0.1,242,1.4,26,100,932.5
5/1/2020 05:00,75.2,573.78,707.61,474,0.1,249,1.8,25.6,100,932.6
5/1/2020 06:00,77.08,573.78,728.22,474,0.6,262,1.2,25.1,100,932.7
5/1/2020 07:00,77.08,576.4,749.975,470,0.1,191,1.7,24.9,100,932.9
5/1/2020 08:00,77.08,581.64,771.73,470,0.1,232,0.8,24.4,100,933
5/1/2020 09:00,77.08,584.26,792.34,472,17.9,201,1.3,24.3,100,933
5/1/2020 10:00,78.96,586.88,812.95,472,15.7,199,1.8,24,100,933.1
5/1/2020 11:00,78.96,589.5,830.125,470,13.1,216,2.4,23.8,100,933.3
5/1/2020 12:00,78.96,592.12,841.575,470,27.9,235,1.9,23.5,100,933.3
5/1/2020 13:00,80.84,594.74,850.735,470,24.4,235,0.7,23.3,100,933.4
5/1/2020 14:00,80.84,594.74,856.46,468,33.5,188,1.2,23.1,100,933.6
5/1/2020 15:00,84.6,592.12,855.315,468,38.1,171,1.1,23.2,100,933.7
5/1/2020 16:00,84.6,592.12,848.445,462,35.1,205,0.3,23.1,100,933.8
5/1/2020 17:00,84.6,586.88,834.705,464,24.9,137,0.7,23,100,933.9
5/1/2020 18:00,84.6,584.26,815.24,462,13.7,145,1.5,22.9,100,934.2
5/1/2020 19:00,84.6,581.64,792.34,462,5.3,155,0.5,22.8,100,934.4
5/1/2020 20:00,84.6,579.02,767.15,464,0.1,177,0.5,22.8,100,934.5
5/1/2020 21:00,84.6,576.4,740.815,464,0.1,108,0.3,22.7,100,934.6
5/1/2020 22:00,82.72,573.78,716.77,464,0.1,137,0.4,22.8,100,934.7
5/1/2020 23:00,82.72,568.54,689.29,466,0.1,230,0.7,22.6,100,934.7
6/1/2020 00:00,82.72,565.92,662.955,466,0.1,171,0.9,22.6,100,934.9
6/1/2020 01:00,82.72,560.68,636.62,468,0.7,156,0.8,22.7,100,935
6/1/2020 02:00,82.72,552.82,610.285,468,0.1,227,1.5,22.7,100,935
6/1/2020 03:00,80.84,547.58,583.95,466,2.2,236,0.5,22.7,100,935.1
6/1/2020 04:00,80.84,544.96,561.05,470,0.2,244,2.4,23,100,935.2
6/1/2020 05:00,80.84,542.34,541.585,470,0.4,257,1.2,23.1,100,935.3
6/1/2020 06:00,77.08,539.72,523.265,472,8.1,220,1,22.9,100,935.4
6/1/2020 07:00,75.2,537.1,507.235,476,3.5,310,0.1,22.8,100,935.4
6/1/2020 08:00,75.2,534.48,492.35,480,0.1,292,0.9,22.5,100,935.5
6/1/2020 09:00,77.08,531.86,491.205,480,22.2,332,0,22.7,100,935.5
6/1/2020 10:00,77.08,534.48,503.8,480,28.9,332,0,22.3,100,935.5
6/1/2020 11:00,77.08,534.48,517.54,480,27.7,332,0,22.1,100,935.6
6/1/2020 12:00,78.96,531.86,526.7,480,30.8,117,0.4,22,100,935.6
6/1/2020 13:00,77.08,534.48,528.99,472,31.3,44,0.1,22,100,935.6
6/1/2020 14:00,77.08,534.48,525.555,476,50,43,0,21.7,100,935.6
6/1/2020 15:00,75.2,534.48,517.54,478,45.4,233,0,21.5,100,935.5
6/1/2020 16:00,75.2,534.48,514.105,478,43.4,155,0,21.3,100,935.5
6/1/2020 17:00,77.08,534.48,516.395,478,32.6,110,0,21.2,100,935.4
6/1/2020 18:00,77.08,534.48,525.555,478,24.3,178,0,21.3,100,935.4
6/1/2020 19:00,75.2,539.72,545.02,474,8,255,0,21.2,100,935.3
6/1/2020 20:00,75.2,544.96,581.66,478,0.8,255,0,21.3,100,935.2
6/1/2020 21:00,75.2,552.82,629.75,478,0.5,255,0,21.4,100,935.1
6/1/2020 22:00,77.08,560.68,685.855,480,0.1,189,0,21.6,100,935.1
6/1/2020 23:00,75.2,571.16,738.525,474,0.1,42,0.1,22,0.5,935
7/1/2020 00:00,75.2,579.02,784.325,478,0.6,291,1,22.1,0.5,934.8
7/1/2020 01:00,73.32,586.88,825.545,478,0.7,258,0,21.7,0.5,934.8
7/1/2020 02:00,73.32,592.12,862.185,484,0.1,260,0,21.4,0.5,934.8
7/1/2020 03:00,71.44,599.98,891.955,482,0.1,219,0.1,21.5,0.5,934.8
7/1/2020 04:00,71.44,602.6,910.275,486,0.1,159,0,21.5,0.5,934.7
7/1/2020 05:00,71.44,602.6,919.435,484,2,176,0,21.5,0.7,934.7
7/1/2020 06:00,67.68,605.22,925.16,484,18.8,266,0,21.4,0.5,934.5
7/1/2020 07:00,67.68,607.84,928.595,488,15.8,266,0,21.2,0.5,934.4
7/1/2020 08:00,67.68,607.84,932.03,486,1.2,266,0,21.1,0.5,934.3
7/1/2020 09:00,67.68,607.84,932.03,486,17,266,0,20.8,0.6,934.2
7/1/2020 10:00,65.8,607.84,934.32,488,21.8,243,0,20.6,0.5,934
7/1/2020 11:00,65.8,610.46,941.19,488,16.1,258,0,20.4,0.5,933.8
7/1/2020 12:00,65.8,610.46,950.35,490,28.4,258,0,20.2,0.5,933.7
7/1/2020 13:00,67.68,613.08,957.22,488,26.7,258,0,20,100,933.7
7/1/2020 14:00,65.8,607.84,960.655,486,45.1,248,0.1,19.9,100,933.8
7/1/2020 15:00,63.92,607.84,962.945,492,36.7,235,0,19.9,100,933.8
7/1/2020 16:00,63.92,607.84,965.235,494,31.7,180,0,19.8,100,933.8
7/1/2020 17:00,63.92,605.22,962.945,494,22.3,214,0,19.9,100,933.7
7/1/2020 18:00,63.92,602.6,956.075,492,7.7,274,0,19.8,100,933.7
7/1/2020 19:00,63.92,602.6,951.495,492,3,275,0.3,20,100,933.8
7/1/2020 20:00,63.92,602.6,950.35,492,0.1,268,0,20.2,100,933.8
7/1/2020 21:00,62.04,602.6,951.495,494,0.1,270,0,20.3,100,933.7
7/1/2020 22:00,60.16,605.22,950.35,494,0.1,272,0,20.4,100,933.7
7/1/2020 23:00,62.04,610.46,949.205,498,0.1,272,0,20.4,100,934
8/1/2020 00:00,62.04,610.46,940.045,496,0.1,272,0,20.6,100,934
8/1/2020 01:00,62.04,607.84,928.595,496,0.1,293,0.6,20.6,100,934
8/1/2020 02:00,62.04,597.36,914.855,496,0.1,268,0.2,20.8,100,934.1
8/1/2020 03:00,62.04,597.36,909.13,496,0.1,144,0,20.8,100,934
8/1/2020 04:00,62.04,594.74,903.405,496,0.1,144,0,20.7,100,934.1
8/1/2020 05:00,62.04,594.74,896.535,496,0.1,114,0,20.7,100,934.1
8/1/2020 06:00,62.04,594.74,890.81,496,1.1,114,0,20.7,100,934.2
8/1/2020 07:00,62.04,594.74,882.795,496,1.1,271,0.9,20.8,100,934.2
8/1/2020 08:00,62.04,594.74,872.49,496,0.1,276,0,20.8,100,934.2
8/1/2020 09:00,62.04,594.74,866.765,496,12.6,81,0,20.9,100,934.4
8/1/2020 10:00,60.16,597.36,867.91,496,20,36,0,20.8,100,934.4
8/1/2020 11:00,60.16,605.22,866.765,502,16.9,103,0.1,20.5,100,934.5
8/1/2020 12:00,60.16,597.36,861.04,502,24.4,121,0,20.3,100,934.6
8/1/2020 13:00,60.16,605.22,869.055,502,22.4,NA,NA,19.8,100,NA
8/1/2020 14:00,62.04,594.74,874.78,502,33.6,206,0,19.8,100,935.4
8/1/2020 15:00,60.16,597.36,878.215,496,38.5,236,0,20,100,935.5
8/1/2020 16:00,60.16,597.36,877.07,500,29.3,237,0,20.9,0.5,935.6
8/1/2020 17:00,60.16,597.36,871.345,500,27.9,58,0,22.2,0.5,935.8
8/1/2020 18:00,60.16,597.36,857.605,500,13.8,102,0.4,24,0.5,936.1
8/1/2020 19:00,62.04,599.98,838.14,500,0.1,333,0,23.8,100,936.2
8/1/2020 20:00,62.04,597.36,810.66,498,0.1,90,0.3,24.1,100,936.3
8/1/2020 21:00,60.16,594.74,780.89,496,0.1,358,0.4,23.8,100,936.3
8/1/2020 22:00,60.16,586.88,747.685,502,0.1,14,0,23.7,100,936.5
8/1/2020 23:00,58.28,584.26,713.335,502,0.1,32,1,23.9,100,936.5
9/1/2020 00:00,60.16,576.4,678.985,504,0.2,353,0.9,24.1,100,936.4
9/1/2020 01:00,60.16,573.78,649.215,500,0.1,281,0.3,24.7,100,936.5
9/1/2020 02:00,58.28,573.78,622.88,500,0.1,82,1,24.9,100,936.4
9/1/2020 03:00,58.28,568.54,601.125,506,0.1,114,2.1,25,100,936.5
9/1/2020 04:00,58.28,568.54,581.66,506,0.1,99,1.7,25.3,100,936.6
9/1/2020 05:00,58.28,558.06,564.485,506,0.1,284,0.2,25,100,936.5
9/1/2020 06:00,58.28,558.06,558.76,506,4,54,1.1,25.5,100,936.4
9/1/2020 07:00,58.28,565.92,567.92,506,0.1,45,1.1,26.2,100,936.5
9/1/2020 08:00,58.28,568.54,583.95,506,2.8,NA,NA,NA,NA,936.4
9/1/2020 09:00,58.28,571.16,601.125,506,11.9,NA,NA,NA,NA,936.3
9/1/2020 10:00,58.28,573.78,621.735,504,21.7,NA,NA,NA,NA,936.2
9/1/2020 11:00,58.28,571.16,641.2,504,17,NA,NA,NA,NA,936
9/1/2020 12:00,54.52,579.02,661.81,504,29.2,NA,NA,NA,NA,935.9
9/1/2020 13:00,54.52,581.64,680.13,508,25.7,NA,NA,NA,NA,935.8
9/1/2020 14:00,52.64,584.26,695.015,508,41.4,54,1.2,26.4,100,935.7
9/1/2020 15:00,50.76,584.26,707.61,508,NA,70,1.7,26.8,90.9,935.5
9/1/2020 16:00,50.76,586.88,720.205,510,37.2,104,2.9,26.4,94,935.2
9/1/2020 17:00,52.64,589.5,731.655,510,34.1,164,1.1,26.8,91.1,935
9/1/2020 18:00,52.64,589.5,741.96,508,20.8,97,2.8,27.8,83.6,934.8
9/1/2020 19:00,52.64,592.12,751.12,508,7.5,99,1.2,28.5,82.3,934.6
9/1/2020 20:00,52.64,592.12,756.845,508,2.3,59,1.4,28.9,83.9,934.5
9/1/2020 21:00,52.64,594.74,754.555,508,0.8,28,0.8,27.3,86.9,934.4
9/1/2020 22:00,50.76,594.74,741.96,506,0.6,335,1,26.6,90.2,934.1
9/1/2020 23:00,50.76,594.74,722.495,510,0.1,106,2,28,85.8,933.8
10/1/2020 00:00,50.76,592.12,703.03,510,0.1,158,2.3,27.9,75.3,933.7
10/1/2020 01:00,50.76,586.88,684.71,510,0.1,98,0.9,28.4,83.6,933.6
10/1/2020 02:00,50.76,586.88,669.825,510,0.1,139,2.1,28.6,73.7,933.5
10/1/2020 03:00,50.76,584.26,654.94,510,1.4,92,3.5,28.2,73.4,933.2
10/1/2020 04:00,50.76,581.64,637.765,510,0.1,1,0.6,28.9,69.8,933
10/1/2020 05:00,52.64,576.4,617.155,510,2.8,195,1.3,29,68.5,932.9
10/1/2020 06:00,52.64,573.78,596.545,508,5.4,114,3.3,27.8,72.3,932.8
10/1/2020 07:00,52.64,568.54,578.225,508,6.6,127,0.8,27.1,78.2,932.6
10/1/2020 08:00,52.64,565.92,561.05,510,1,123,2.7,28.4,76.2,932.5
10/1/2020 09:00,50.76,565.92,554.18,508,16.6,157,1.7,28.3,80.6,932.4
10/1/2020 10:00,50.76,565.92,551.89,512,18.2,137,3.5,27.5,83.2,932.5
10/1/2020 11:00,50.76,565.92,550.745,512,19.9,122,4.8,27,86,932.4
10/1/2020 12:00,50.76,565.92,558.76,512,27.6,138,1.6,27.7,85,932.4
10/1/2020 13:00,48.88,573.78,566.775,512,28.7,112,2.8,26.8,88.2,932.5
10/1/2020 14:00,45.12,568.54,569.065,512,32.8,225,2.1,27,86.7,932.5
10/1/2020 15:00,45.12,568.54,574.79,518,46.8,171,2,27.2,84.4,932.5
10/1/2020 16:00,45.12,568.54,581.66,516,35.8,194,1.6,26.4,83.8,932.5
10/1/2020 17:00,43.24,571.16,587.385,514,32.9,197,1,26.3,85.4,932.6
10/1/2020 18:00,43.24,571.16,589.675,518,32.5,125,2.1,26.2,83,932.5
10/1/2020 19:00,43.24,571.16,587.385,518,22.9,216,2.2,26.2,81.8,932.6
10/1/2020 20:00,41.36,579.02,585.095,520,16.5,153,1.3,26.2,80.9,932.6
10/1/2020 21:00,39.48,571.16,578.225,524,17.5,127,0.7,25.9,81.4,932.6
10/1/2020 22:00,39.48,571.16,572.5,524,11.2,155,0.9,26,81.8,932.7
10/1/2020 23:00,37.6,573.78,569.065,526,4.1,188,0.8,25.6,82.6,932.8
11/1/2020 00:00,35.72,571.16,565.63,530,1.6,146,0.5,25.2,83.5,932.9
11/1/2020 01:00,35.72,568.54,558.76,532,0.3,189,0.8,25,82.1,933.1
11/1/2020 02:00,33.84,568.54,548.455,532,0.1,225,0.9,24.8,81.3,933.3
11/1/2020 03:00,31.96,568.54,533.57,532,0.1,210,2.6,24.4,79.4,933.3
11/1/2020 04:00,30.08,568.54,518.685,536,0.8,211,1.5,24.3,77.8,933.5
11/1/2020 05:00,28.2,563.3,506.09,542,0.7,184,1.5,24.1,75.4,933.6
11/1/2020 06:00,28.2,563.3,496.93,542,21.2,202,1.1,24.1,78.5,933.7
11/1/2020 07:00,26.32,563.3,486.625,544,28.3,196,1.8,23.8,81.1,934
11/1/2020 08:00,28.2,563.3,476.32,546,1.1,203,1.4,23.5,86.2,934.1
11/1/2020 09:00,28.2,560.68,466.015,544,17.4,146,0.7,23.2,91.2,934.2
11/1/2020 10:00,24.44,560.68,458,544,21.6,235,1.2,23.1,95.2,934.3
11/1/2020 11:00,24.44,560.68,453.42,548,21.1,238,1.4,22.7,100,934.4
11/1/2020 12:00,24.44,560.68,453.42,548,30,208,1.3,22.7,100,934.6
11/1/2020 13:00,22.56,565.92,455.71,548,27.3,240,1.9,22.6,100,934.8
11/1/2020 14:00,22.56,565.92,454.565,552,39.3,233,1.6,22.5,100,935
11/1/2020 15:00,20.68,563.3,448.84,550,49.4,246,1.8,22.5,100,935
11/1/2020 16:00,18.8,563.3,441.97,556,54.2,218,1,22.6,100,935.2
11/1/2020 17:00,18.8,563.3,436.245,556,27.2,246,1.1,22.6,99.8,935.3
11/1/2020 18:00,18.8,560.68,431.665,558,23.6,243,1.7,23,89.1,935.3
11/1/2020 19:00,20.68,563.3,429.375,558,13.7,227,1.1,23,81.8,935.4
11/1/2020 20:00,20.68,563.3,430.52,556,19.3,233,0.6,23,81,935.6
11/1/2020 21:00,22.56,563.3,431.665,552,5,295,0.3,23.1,77.7,935.7
11/1/2020 22:00,22.56,560.68,431.665,552,4.1,226,0.2,22.4,82.3,935.8
11/1/2020 23:00,24.44,560.68,432.81,550,2.2,286,0,22,82.5,935.9
12/1/2020 00:00,26.32,563.3,435.1,548,0.4,243,1.1,22.1,80.2,935.9
12/1/2020 01:00,24.44,563.3,440.825,546,3.8,225,0.8,22.3,76.6,935.9
12/1/2020 02:00,26.32,565.92,454.565,548,1.4,172,0.1,22.2,77,936
12/1/2020 03:00,26.32,565.92,471.74,548,0.1,237,0.1,21.8,79.6,936
12/1/2020 04:00,24.44,571.16,486.625,546,0.1,314,0,21.8,78.7,936
12/1/2020 05:00,24.44,571.16,493.495,552,1.5,240,0.7,21.6,81.4,936
12/1/2020 06:00,24.44,573.78,498.075,552,0.9,256,1.5,21.5,80.8,936
12/1/2020 07:00,22.56,576.4,503.8,552,0.8,200,0.1,21.5,79,936
12/1/2020 08:00,22.56,579.02,504.945,556,0.2,264,0.3,21.7,77.7,936
12/1/2020 09:00,15.04,576.4,498.075,556,16.4,292,0.4,21.4,79.8,936.1
12/1/2020 10:00,13.16,576.4,488.915,570,16.2,348,0,20.9,86.5,936
12/1/2020 11:00,13.16,573.78,478.61,576,20.4,290,0.3,20.8,86.4,936.1
12/1/2020 12:00,20.68,571.16,468.305,576,26.9,261,0.2,20.6,87.5,936
12/1/2020 13:00,20.68,568.54,455.71,560,21.3,258,0,20.7,88.4,935.9
12/1/2020 14:00,20.68,568.54,445.405,560,36.3,221,0,20.8,90,935.8
12/1/2020 15:00,18.8,568.54,436.245,560,31.6,229,0,20.7,92,935.9
12/1/2020 16:00,11.28,565.92,424.795,562,28.3,241,0,20.9,94.5,935.8
12/1/2020 17:00,9.4,565.92,414.49,578,22.3,212,0.1,20.8,95.6,935.7
12/1/2020 18:00,9.4,565.92,405.33,580,15,243,0.4,20.8,97.1,935.6
12/1/2020 19:00,9.4,565.92,398.46,580,8.7,230,0.1,20.8,98.2,935.5
12/1/2020 20:00,7.52,565.92,393.88,580,1.7,252,0.4,20.8,100,935.4
12/1/2020 21:00,7.52,565.92,391.59,584,0.1,226,0,20.6,100,935.3
12/1/2020 22:00,7.52,565.92,390.445,584,0.1,82,0.8,21.7,100,935.2
12/1/2020 23:00,9.4,565.92,393.88,582,0.1,255,0.2,21.1,100,935.2
13/1/2020 00:00,9.4,568.54,405.33,582,0.7,93,0,21.3,100,935.1
13/1/2020 01:00,11.28,571.16,422.505,582,0.1,202,0.1,21.7,100,935
13/1/2020 02:00,11.28,573.78,437.39,580,0.1,236,0,21.6,100,934.9
13/1/2020 03:00,11.28,573.78,447.695,580,0.1,251,1,21.7,100,934.8
13/1/2020 04:00,11.28,576.4,454.565,580,0.1,210,1.4,21.6,100,934.6
13/1/2020 05:00,11.28,576.4,461.435,580,0.8,245,0.4,21.7,100,934.5
13/1/2020 06:00,9.4,579.02,467.16,580,6.2,232,0.8,21.5,100,934.5
13/1/2020 07:00,9.4,579.02,469.45,584,7.3,261,0.6,21.3,100,934.5
13/1/2020 08:00,9.4,579.02,471.74,584,0.1,164,0.1,21.1,100,934.5
13/1/2020 09:00,9.4,579.02,474.03,584,15.7,133,0.1,21,100,934.5
13/1/2020 10:00,7.52,579.02,475.175,582,18.9,168,0.3,21.1,100,934.4
13/1/2020 11:00,7.52,579.02,471.74,588,21.3,247,0.7,21.1,100,934.4
13/1/2020 12:00,7.52,579.02,463.725,586,30.5,172,0.2,21.8,100,934.4
13/1/2020 13:00,7.52,579.02,455.71,588,27.4,277,0,20.9,100,934.4
13/1/2020 14:00,7.52,576.4,445.405,586,27.2,264,0,20.5,100,934.5
13/1/2020 15:00,5.64,576.4,437.39,586,40.6,207,0,20.3,100,934.5
13/1/2020 16:00,3.76,579.02,431.665,586,38.7,219,0,20.3,100,934.5
13/1/2020 17:00,3.76,579.02,429.375,592,23.4,288,0,20.4,100,934.6
13/1/2020 18:00,5.64,579.02,430.52,590,15.4,247,0,20.1,100,934.7
13/1/2020 19:00,5.64,579.02,431.665,590,3.4,249,0,20.1,100,934.9
13/1/2020 20:00,7.52,581.64,438.535,588,0.6,202,0.1,20.1,100,934.9
13/1/2020 21:00,7.52,584.26,453.42,588,0.3,242,0,20,100,935
13/1/2020 22:00,9.4,586.88,475.175,588,0.7,257,0,20,100,935.1
13/1/2020 23:00,9.4,586.88,484.335,584,0,253,0.2,19.9,100,935.1
14/1/2020 00:00,9.4,584.26,472.885,586,0.1,227,0,20,100,935.2
14/1/2020 01:00,9.4,581.64,453.42,586,0.1,206,0,19.9,100,935.2
14/1/2020 02:00,7.52,581.64,433.955,586,0.6,217,0,19.9,100,935.3
14/1/2020 03:00,5.64,576.4,413.345,590,0.1,281,0.3,19.8,0.5,935.4
14/1/2020 04:00,5.64,573.78,396.17,590,0.1,257,0.4,19.7,0.5,935.5
14/1/2020 05:00,5.64,571.16,378.995,592,0.1,268,0,19.7,0.5,935.6
14/1/2020 06:00,13.16,568.54,361.82,594,1.3,268,0,19.4,0.5,935.6
14/1/2020 07:00,15.04,565.92,346.935,578,0.7,236,0,19.4,0.5,935.8
14/1/2020 08:00,15.04,565.92,336.63,574,0.1,130,0.1,19.2,0.5,936
14/1/2020 09:00,15.04,563.3,327.47,574,12.9,275,0,19.2,0.5,936.1
14/1/2020 10:00,16.92,560.68,329.76,574,23.1,9,0,19.1,0.5,936.1
14/1/2020 11:00,7.52,565.92,345.79,570,17,323,0,19.3,0.5,936.2
14/1/2020 12:00,7.52,568.54,358.385,592,30.7,35,0.5,19.3,0.5,936.3
14/1/2020 13:00,7.52,568.54,361.82,592,22.9,106,0,19.5,0.5,936.3
14/1/2020 14:00,7.52,568.54,373.27,592,35,49,0,19.7,0.5,936.4
14/1/2020 15:00,5.64,573.78,388.155,590,51.4,52,0,20.3,0.5,936.6
14/1/2020 16:00,3.76,576.4,404.185,594,37.1,108,0,22.1,0.5,936.8
14/1/2020 17:00,3.76,579.02,413.345,596,27.4,278,0,23,0.5,937
14/1/2020 18:00,3.76,581.64,417.925,596,17.3,90,0,24.7,0.5,937
14/1/2020 19:00,5.64,581.64,419.07,596,5.7,99,0.5,24.4,0.5,937.1
14/1/2020 20:00,15.04,584.26,433.955,592,1.4,262,0,24.3,0.5,937.2
14/1/2020 21:00,7.52,589.5,464.87,576,0.9,3,0.7,24,0.6,937.4
14/1/2020 22:00,7.52,594.74,494.64,594,0.4,122,1.1,25.1,0.5,937.3
14/1/2020 23:00,15.04,597.36,514.105,594,0.1,29,1.2,25.2,0.5,937.4
15/1/2020 00:00,15.04,599.98,515.25,578,0.1,104,2.2,25.1,0.5,937.5
15/1/2020 01:00,15.04,597.36,512.96,578,0.1,109,2,24.3,0.5,937.7
15/1/2020 02:00,16.92,594.74,509.525,580,0.1,111,1.8,24.3,0.5,937.6
15/1/2020 03:00,11.28,592.12,502.655,578,0.1,123,1.9,24.6,0.5,937.7
15/1/2020 04:00,11.28,589.5,493.495,590,0.1,129,2.4,24.6,0.5,937.8
15/1/2020 05:00,22.56,584.26,484.335,588,0.3,81,1.8,25.5,0.5,937.8
15/1/2020 06:00,20.68,584.26,483.19,568,1.1,88,1.6,25.6,0.5,937.8
15/1/2020 07:00,20.68,584.26,488.915,570,2.3,215,0.7,26.1,0.5,937.8
15/1/2020 08:00,18.8,586.88,500.365,572,0.7,123,2.5,25.6,0.5,937.8
15/1/2020 09:00,20.68,584.26,509.525,574,12.7,86,1.5,27.5,0.5,937.7
15/1/2020 10:00,13.16,584.26,517.54,570,22.7,229,0.2,26.3,0.5,937.7
15/1/2020 11:00,20.68,589.5,537.005,586,18,151,0.1,26.8,0.5,937.7
15/1/2020 12:00,20.68,594.74,562.195,570,30.9,66,0.7,27.2,0.5,937.6
15/1/2020 13:00,13.16,597.36,583.95,570,22.7,217,0.9,26.6,0.5,937.6
15/1/2020 14:00,20.68,599.98,595.4,584,32.5,76,0.4,27.2,0.5,937.3
15/1/2020 15:00,18.8,602.6,596.545,568,46.2,152,1.1,27.1,0.5,937.1
15/1/2020 16:00,18.8,602.6,593.11,570,38.3,287,0.5,27.5,0.5,936.7
15/1/2020 17:00,18.8,602.6,588.53,568,35.9,122,1.3,27.6,0.5,936.7
15/1/2020 18:00,18.8,602.6,581.66,570,21,278,0.3,27.2,0.5,936.6
15/1/2020 19:00,18.8,599.98,573.645,572,21.1,252,1.5,27.9,0.5,936.4
15/1/2020 20:00,18.8,599.98,565.63,572,5.8,205,1.6,27.4,0.5,936.3
15/1/2020 21:00,16.92,597.36,558.76,570,0.1,161,2,27.1,0.5,936.1
15/1/2020 22:00,16.92,597.36,555.325,572,0.1,309,0.2,26.7,81.1,935.9
15/1/2020 23:00,16.92,597.36,554.18,572,0.1,244,1.2,26.3,0.5,935.8
16/1/2020 00:00,16.92,597.36,554.18,570,0.1,242,0.5,25.8,0.5,935.8
16/1/2020 01:00,18.8,597.36,561.05,570,0.1,210,1.7,25.5,0.7,935.6
16/1/2020 02:00,13.16,599.98,573.645,564,0.1,178,1.1,25.6,0.8,935.4
16/1/2020 03:00,13.16,602.6,582.805,578,5.8,165,1.3,25.5,0.5,935.2
16/1/2020 04:00,13.16,602.6,585.095,578,3.3,144,1.1,25.7,0.6,935
16/1/2020 05:00,13.16,602.6,589.675,578,0.1,184,1.2,25.6,0.6,934.9
16/1/2020 06:00,13.16,602.6,595.4,578,0.1,132,3.1,25.4,0.6,934.9
16/1/2020 07:00,13.16,605.22,597.69,578,1.5,163,1.5,25.1,0.5,934.9
16/1/2020 08:00,13.16,605.22,597.69,578,0.1,187,0.1,25.2,0.5,934.7
16/1/2020 09:00,13.16,605.22,597.69,578,18.2,124,1.8,25.3,0.5,934.6
16/1/2020 10:00,13.16,605.22,598.835,578,14.7,144,2.2,25.6,0.5,934.7
16/1/2020 11:00,20.68,607.84,619.445,578,26.8,144,1.3,25.8,0.5,934.6
16/1/2020 12:00,20.68,615.7,674.405,564,19.1,198,1.1,25.9,0.5,934.6
16/1/2020 13:00,20.68,628.8,743.105,564,30.9,127,1.3,25.8,0.5,934.5
16/1/2020 14:00,11.28,639.28,800.355,564,31.7,114,1.4,26,0.5,934.5
16/1/2020 15:00,11.28,641.9,839.285,584,45.8,340,0.2,26.2,0.5,934.5
16/1/2020 16:00,7.52,647.14,857.605,582,41.1,58,0.7,26.2,0.8,934.5
16/1/2020 17:00,5.64,647.14,865.62,586,31.2,105,1.6,26.9,0.5,934.5
16/1/2020 18:00,5.64,647.14,869.055,590,15.2,135,1.3,27.3,0.5,934.6
16/1/2020 19:00,1.88,649.76,867.91,590,12.6,116,2.5,26.6,0.5,934.7
16/1/2020 20:00,1.88,647.14,859.895,596,0.8,148,1.6,NA,NA,935
16/1/2020 21:00,0,647.14,846.155,596,0.1,220,0.9,NA,NA,935.1
16/1/2020 22:00,1.88,641.9,827.835,596,0.1,202,0.3,NA,NA,935
16/1/2020 23:00,0,641.9,815.24,592,0.1,210,0.9,NA,NA,935.2
17/1/2020 00:00,0,639.28,806.08,596,0.1,96,0.6,NA,NA,935.3
17/1/2020 01:00,0,639.28,801.5,598,0.1,237,0.4,NA,NA,935.4
17/1/2020 02:00,0,639.28,799.21,598,0.1,198,0.7,23.6,0.5,935.5
17/1/2020 03:00,0,639.28,799.21,598,0.1,228,1.4,23.5,0.6,935.6
17/1/2020 04:00,0,639.28,796.92,596,0.1,208,1.3,23.3,0.5,935.8
17/1/2020 05:00,0,639.28,794.63,596,0.1,191,1.2,23.2,0.5,936
17/1/2020 06:00,0,636.66,795.775,598,1.6,211,1.1,23,0.5,936.1
17/1/2020 07:00,1.88,636.66,802.645,596,0.3,222,0.5,22.9,0.5,936.3
17/1/2020 08:00,9.4,639.28,825.545,596,0.5,208,0.6,22.9,0.5,936.6
17/1/2020 09:00,11.28,644.52,847.3,578,9.8,234,1.4,22.7,0.5,936.7
17/1/2020 10:00,11.28,644.52,858.75,578,18.2,232,1.7,22.5,0.5,936.9
17/1/2020 11:00,11.28,644.52,861.04,576,15.8,254,2.5,22.5,0.5,937.1
17/1/2020 12:00,13.16,644.52,854.17,576,31.9,258,1.5,22.3,0.5,937.2
17/1/2020 13:00,15.04,641.9,842.72,572,27.1,232,2.1,22.3,0.5,937.4
17/1/2020 14:00,15.04,641.9,833.56,570,31.6,241,1.2,22.2,0.5,937.5
17/1/2020 15:00,13.16,641.9,823.255,570,54.8,239,0.6,22.2,0.5,937.6
17/1/2020 16:00,13.16,641.9,807.225,572,42.4,229,1.2,22.2,0.5,937.7
17/1/2020 17:00,11.28,639.28,792.34,572,26.2,228,1.1,21.9,0.5,937.8
17/1/2020 18:00,13.16,636.66,777.455,574,29.6,241,1.2,22,0.5,937.9
17/1/2020 19:00,13.16,634.04,768.295,570,7.5,238,0.4,21.7,0.5,938
17/1/2020 20:00,15.04,634.04,762.57,572,2.2,238,0.9,21.5,0.5,938
17/1/2020 21:00,15.04,634.04,760.28,570,2.8,233,0.2,21.6,0.5,937.9
17/1/2020 22:00,15.04,634.04,767.15,568,0.1,242,0.6,21.4,0.5,938
17/1/2020 23:00,16.92,636.66,786.615,568,0.1,228,0.2,21.2,0.8,938
18/1/2020 00:00,16.92,641.9,814.095,566,0.1,204,0.5,21.2,0.5,938.1
18/1/2020 01:00,16.92,647.14,834.705,566,0.1,235,0.2,21.1,0.5,938.1
18/1/2020 02:00,16.92,649.76,842.72,568,0.1,233,0.1,21,0.5,938
18/1/2020 03:00,18.8,649.76,846.155,568,0.1,245,0.3,21,0.5,938
18/1/2020 04:00,18.8,649.76,850.735,564,0.1,237,0.1,20.9,0.5,938
18/1/2020 05:00,18.8,649.76,851.88,564,3.3,295,0.3,20.5,0.5,938
18/1/2020 06:00,18.8,649.76,854.17,564,11.6,265,0.1,20.4,0.5,938
18/1/2020 07:00,18.8,647.14,856.46,564,4.3,265,0,20.2,0.5,937.8
18/1/2020 08:00,18.8,649.76,861.04,564,0.2,243,0,20.6,0.5,937.8
18/1/2020 09:00,20.68,647.14,856.46,566,14.9,233,0,20.6,0.5,937.8
18/1/2020 10:00,20.68,644.52,839.285,560,18.3,252,0.3,20.4,0.5,937.9
18/1/2020 11:00,18.8,641.9,828.98,560,21.4,338,0,20.1,0.5,937.8
18/1/2020 12:00,18.8,641.9,830.125,560,33.5,306,0,19.8,0.5,937.8
18/1/2020 13:00,18.8,641.9,832.415,560,28,306,0,19.7,0.5,937.8
18/1/2020 14:00,22.56,639.28,831.27,562,36.4,262,0.7,19.5,0.5,937.7
18/1/2020 15:00,22.56,636.66,825.545,558,51.3,276,1.2,19.6,0.5,937.6
18/1/2020 16:00,22.56,634.04,814.095,558,47.1,255,1,19.6,0.5,937.6
18/1/2020 17:00,22.56,631.42,793.485,558,38,246,0,19.6,0.7,937.5
18/1/2020 18:00,24.44,626.18,771.73,558,12.5,220,0,19.6,0.5,937.5
18/1/2020 19:00,24.44,623.56,755.7,556,9.3,204,0,19.5,0.5,937.4
18/1/2020 20:00,28.2,618.32,743.105,556,1.5,204,0,19.3,0.6,937.2
18/1/2020 21:00,28.2,618.32,736.235,552,0.1,204,0,19,0.5,937.2
18/1/2020 22:00,28.2,615.7,730.51,552,0.1,204,0,18.8,0.5,937.2
18/1/2020 23:00,30.08,613.08,721.35,554,0.1,204,0,18.8,0.6,937.2
19/1/2020 00:00,31.96,618.32,715.625,548,5.9,245,0,18.8,0.5,937.1
19/1/2020 01:00,31.96,618.32,708.755,544,0.1,237,0,18.9,0.5,937.1
19/1/2020 02:00,31.96,615.7,705.32,546,0.1,263,0.2,18.9,0.5,937.1
19/1/2020 03:00,33.84,613.08,697.305,546,1.9,273,0.2,18.8,0.7,937.2
19/1/2020 04:00,33.84,610.46,683.565,542,0.1,263,0.7,18.7,0.5,937.2
19/1/2020 05:00,35.72,605.22,664.1,542,0.1,260,0,18.7,0.4,937.2
19/1/2020 06:00,35.72,599.98,648.07,540,0.1,273,0.5,18.7,0.5,937.2
19/1/2020 07:00,35.72,599.98,640.055,538,0.3,282,0.7,18.6,0.5,937.1
19/1/2020 08:00,37.6,597.36,641.2,542,0.1,272,0,18.7,0.6,937.2
19/1/2020 09:00,37.6,599.98,649.215,536,14.9,226,0,18.7,0.5,937.3
19/1/2020 10:00,37.6,599.98,651.505,538,19.3,172,0,18.6,0.4,937.3
19/1/2020 11:00,37.6,599.98,658.375,538,14.7,206,0,18.5,0.5,937.4
19/1/2020 12:00,37.6,602.6,670.97,540,28.8,237,0,18.4,0.5,937.5
19/1/2020 13:00,39.48,602.6,683.565,540,17.1,220,0,18.4,0.5,937.5
19/1/2020 14:00,39.48,605.22,699.595,536,29.7,195,0.4,18.3,0.7,937.7
19/1/2020 15:00,39.48,607.84,713.335,536,40.6,241,0,18.4,0.5,937.8
19/1/2020 16:00,39.48,607.84,715.625,538,28,259,0.7,18.4,0.5,937.9
19/1/2020 17:00,41.36,607.84,721.35,538,22.8,255,0.7,18.6,0.4,938
19/1/2020 18:00,41.36,610.46,728.22,532,15.3,230,0.4,18.5,0.5,938
19/1/2020 19:00,43.24,607.84,728.22,532,3.2,274,0,18.5,0.5,938.1
19/1/2020 20:00,45.12,605.22,717.915,528,0.1,251,0,18.3,0.5,938.1
19/1/2020 21:00,45.12,605.22,705.32,524,0.1,259,0,18.3,0.5,938.1
19/1/2020 22:00,45.12,602.6,690.435,524,0.1,270,0,18.3,0.5,938.1
19/1/2020 23:00,47,597.36,666.39,526,0.1,298,0.4,18.2,0.5,938.3
20/1/2020 00:00,47,592.12,633.185,520,0.1,262,0,18.3,0.5,938.4
20/1/2020 01:00,45.12,584.26,595.4,520,0.1,233,0.2,18.3,0.4,938.5
20/1/2020 02:00,47,579.02,558.76,524,0.1,236,0.5,19.1,100,939.3
20/1/2020 03:00,45.12,573.78,520.975,522,0.1,233,0.2,19.5,100,939.4
20/1/2020 04:00,47,563.3,484.335,524,0.1,237,0.7,20.5,100,939.5
20/1/2020 05:00,47,555.44,453.42,522,0.1,311,0,21.6,100,939.7
20/1/2020 06:00,50.76,550.2,432.81,520,0.1,260,0,22.3,100,939.7
20/1/2020 07:00,50.76,547.58,417.925,516,1.1,350,0,23.1,100,939.8
20/1/2020 08:00,52.64,544.96,404.185,514,4.2,36,0,23.9,100,940
20/1/2020 09:00,52.64,542.34,390.445,508,1.5,70,0.5,24.3,100,940.1
20/1/2020 10:00,54.52,539.72,381.285,510,14.4,75,0.4,24.5,100,940.3
20/1/2020 11:00,56.4,539.72,387.01,504,12.6,81,0.9,25,100,940.2
20/1/2020 12:00,60.16,539.72,403.04,500,23.7,359,0.4,24.9,100,940.3
20/1/2020 13:00,62.04,539.72,415.635,492,29.1,2,0.1,25.2,100,940.3
20/1/2020 14:00,73.32,544.96,419.07,496,34.1,65,0.4,25.3,100,940.4
20/1/2020 15:00,75.2,542.34,411.055,474,38,18,1,24.7,100,940.3
20/1/2020 16:00,75.2,534.48,387.01,470,27.7,9,0.9,25.5,100,940.3
20/1/2020 17:00,75.2,531.86,365.255,470,29,2,0.9,26,100,940.2
20/1/2020 18:00,73.32,531.86,346.935,474,16.3,350,1,26,100,940.2
20/1/2020 19:00,75.2,526.62,329.76,478,4.8,14,0.8,26.1,100,940.1
20/1/2020 20:00,73.32,524,314.875,474,0.1,61,1.8,26.4,100,940.1
20/1/2020 21:00,73.32,524,309.15,474,0.1,340,1.2,26.4,100,939.9
20/1/2020 22:00,75.2,524,312.585,478,0.1,350,1,26.6,100,939.9
20/1/2020 23:00,73.32,524,314.875,474,0.1,19,0.8,27.2,100,939.7
21/1/2020 00:00,75.2,521.38,305.715,476,0.1,10,1.7,27.4,97.6,939.7
21/1/2020 01:00,75.2,518.76,296.555,474,0.1,4,2.7,27,97.5,939.6
21/1/2020 02:00,73.32,518.76,290.83,470,0.1,334,1.4,27.4,95.8,939.4
21/1/2020 03:00,73.32,516.14,283.96,474,0.1,338,2.1,27.5,90.8,939.2
21/1/2020 04:00,71.44,513.52,270.22,474,0.1,2,1.8,27.4,86.8,939
21/1/2020 05:00,71.44,508.28,255.335,476,0.1,356,1.7,27.6,89,938.8
21/1/2020 06:00,67.68,505.66,240.45,478,0.1,353,1.9,27.5,87.2,938.6
21/1/2020 07:00,65.8,505.66,225.565,482,0.1,333,1.4,28.3,88.6,938.3
21/1/2020 08:00,63.92,503.04,210.68,486,5.7,334,2.8,27.7,84,938.3
21/1/2020 09:00,60.16,500.42,198.085,490,0.1,310,1.3,28.8,80.7,938.2
21/1/2020 10:00,60.16,503.04,206.1,494,14.8,44,1.7,28.9,74.7,938
21/1/2020 11:00,60.16,508.28,240.45,494,16.8,13,1.5,28.6,77.2,937.7
21/1/2020 12:00,62.04,513.52,273.655,494,23.1,352,1.9,28.1,73.4,937.6
21/1/2020 13:00,58.28,521.38,297.7,488,22.1,59,1.6,28.8,75.8,937.3
21/1/2020 14:00,60.16,518.76,310.295,494,37.1,32,1.4,29.5,69.6,937.2
21/1/2020 15:00,60.16,521.38,320.6,490,41.3,4,2.2,28.2,71.1,937.1
21/1/2020 16:00,60.16,521.38,332.05,488,21.6,359,2.5,29.2,65.7,936.9
21/1/2020 17:00,62.04,521.38,340.065,486,20.6,14,1.7,30.4,64.4,936.7
21/1/2020 18:00,63.92,518.76,343.5,484,9.2,19,1.5,30.3,67.6,936.5
21/1/2020 19:00,65.8,516.14,338.92,480,0.3,10,2,29.8,65.1,936.4
21/1/2020 20:00,69.56,513.52,329.76,476,0.1,18,1.6,30.6,63,936.4
21/1/2020 21:00,71.44,508.28,314.875,472,0.1,340,2.7,29.9,64.4,936.3
21/1/2020 22:00,69.56,503.04,293.12,466,0.1,13,2.2,30.5,62.4,936.2
21/1/2020 23:00,71.44,497.8,271.365,470,0.1,349,0.9,30.4,62.7,936.1
22/1/2020 00:00,75.2,489.94,250.755,468,0.1,344,1.3,30.4,63.6,936.1
22/1/2020 01:00,73.32,487.32,232.435,460,0.1,353,1.7,29.4,68,936.1
22/1/2020 02:00,75.2,482.08,216.405,464,0.1,357,2.3,29,64.2,936.1
22/1/2020 03:00,77.08,482.08,201.52,462,0.1,6,1.1,29.3,66.3,936.2
22/1/2020 04:00,78.96,474.22,186.635,458,0.1,360,1.2,29.3,65.8,936.3
22/1/2020 05:00,94,466.36,172.895,454,0.1,31,2.1,29.1,62.8,936.4
22/1/2020 06:00,97.76,461.12,160.3,424,0.1,15,1.4,29.2,64.4,936.3
22/1/2020 07:00,103.4,453.26,147.705,418,0.9,332,1.3,28.8,64.1,936.4
22/1/2020 08:00,109.04,442.78,137.4,412,0.2,29,1,28.7,64.3,936.5
22/1/2020 09:00,114.68,437.54,127.095,398,12.2,14,0.9,28.3,65.8,936.5
22/1/2020 10:00,118.44,432.3,119.08,392,17.9,344,1.5,27.9,65.8,936.6
22/1/2020 11:00,120.32,429.68,111.065,380,11.3,352,2,27.7,65.9,936.6
22/1/2020 12:00,120.32,427.06,105.34,376,21.8,341,1.4,27.3,66.2,936.7
22/1/2020 13:00,110.92,424.44,98.47,376,25.3,330,0.8,27,67.7,936.8
22/1/2020 14:00,118.44,421.82,96.18,398,36.8,335,0.6,26.6,69,937
22/1/2020 15:00,118.44,419.2,91.6,382,45.5,352,1,26.1,71.3,937.1
22/1/2020 16:00,120.32,413.96,87.02,382,36.6,343,0.9,25.9,71.4,937.2
22/1/2020 17:00,120.32,408.72,82.44,382,32.1,354,1.9,25.6,72.4,937.3
22/1/2020 18:00,122.2,403.48,77.86,382,27.5,350,1.5,25.3,73.2,937.4
22/1/2020 19:00,118.44,403.48,73.28,378,27,355,2,25.1,74.1,937.5
22/1/2020 20:00,120.32,398.24,68.7,386,31.4,354,1.2,24.7,75.9,937.5
22/1/2020 21:00,118.44,398.24,64.12,390,25.1,350,0.9,24.6,75.9,937.6
22/1/2020 22:00,122.2,390.38,60.685,394,12.7,353,1.4,24.4,76.9,937.6
22/1/2020 23:00,122.2,390.38,52.67,376,11.5,325,0.8,24.3,77,937.7
23/1/2020 00:00,122.2,382.52,45.8,378,1.8,331,1.2,24.2,77,937.9
23/1/2020 01:00,122.2,377.28,38.93,376,0.5,349,1.1,24.2,77.5,938
23/1/2020 02:00,120.32,374.66,33.205,374,0.1,358,2,24,77.9,938.1
23/1/2020 03:00,122.2,372.04,28.625,380,0.6,6,1.1,24,78.8,938.2
23/1/2020 04:00,122.2,366.8,21.755,386,3.8,350,1.2,23.9,78.9,938.3
23/1/2020 05:00,120.32,366.8,13.74,376,10.2,348,1.7,24,78.6,938.4
23/1/2020 06:00,116.56,366.8,5.725,380,35.5,351,1.7,23.9,79.3,938.5
23/1/2020 07:00,114.68,366.8,-2.29,392,35.9,345,1.6,23.8,79.2,938.7
23/1/2020 08:00,114.68,364.18,-6.87,398,39.8,340,1.7,23.5,80.5,938.9
23/1/2020 09:00,114.68,364.18,-13.74,394,33.1,353,1.6,23.6,80.8,939
23/1/2020 10:00,114.68,358.94,-21.755,396,28.6,349,1.6,23.6,80.4,939.1
23/1/2020 11:00,114.68,358.94,-28.625,392,37.9,346,1.8,23.5,81.2,939.4
23/1/2020 12:00,116.56,353.7,-36.64,396,29.1,350,2.1,23.4,82,939.6
23/1/2020 13:00,116.56,351.08,-44.655,390,38.5,344,1.9,23.3,82.5,939.8
23/1/2020 14:00,114.68,351.08,-53.815,388,44.2,349,2,23.2,83,939.8
23/1/2020 15:00,118.44,345.84,-61.83,392,36,1,2.3,23.1,83.6,939.8
23/1/2020 16:00,120.32,348.46,-68.7,388,33.8,351,1.4,22.9,84.3,939.9
23/1/2020 17:00,120.32,337.98,-79.005,382,24.6,336,1.3,22.9,84.2,940.1
23/1/2020 18:00,122.2,335.36,-84.73,382,14.4,355,2,22.7,84.4,940.2
23/1/2020 19:00,120.32,335.36,-88.165,378,13.1,341,1.8,22.9,83.6,940.2
23/1/2020 20:00,124.08,330.12,-90.455,380,7.3,337,1.4,22.7,84,940.3
23/1/2020 21:00,122.2,330.12,-93.89,374,6.4,351,1.6,22.7,83.4,940.3
23/1/2020 22:00,120.32,327.5,-96.18,378,9.8,353,2.9,22.5,83,940.3
23/1/2020 23:00,124.08,324.88,-99.615,380,32.6,344,2.1,22.5,83.5,940.3
24/1/2020 00:00,125.96,319.64,-104.195,374,42.2,341,2.1,22.3,84,940.4
24/1/2020 01:00,124.08,319.64,-109.92,370,23.9,355,1.6,22.2,84.9,940.3
24/1/2020 02:00,124.08,319.64,-115.645,372,28.3,336,2.3,22.1,85,940.3
24/1/2020 03:00,125.96,314.4,-120.225,374,39.8,344,2.3,22,85.3,940.1
24/1/2020 04:00,122.2,322.26,-121.37,368,32.3,348,1.8,21.9,85.6,940
24/1/2020 05:00,122.2,322.26,-124.805,374,24.4,340,1.9,21.8,86,940
24/1/2020 06:00,125.96,311.78,-125.95,376,31.6,328,1.7,21.7,86.3,940
24/1/2020 07:00,129.72,303.92,-124.805,368,20.6,349,2.3,21.7,86.9,940
24/1/2020 08:00,129.72,303.92,-125.95,360,21.5,354,1,21.6,87,940
24/1/2020 09:00,133.48,298.68,-127.095,364,17.4,347,2.3,21.6,87.1,939.9
24/1/2020 10:00,137.24,290.82,-128.24,354,29.3,350,2.6,21.6,86.5,939.9
24/1/2020 11:00,135.36,285.58,-131.675,346,35,346,1.4,21.5,86,939.7
24/1/2020 12:00,129.72,293.44,-131.675,346,39.5,356,2.2,21.6,86.3,939.5
24/1/2020 13:00,127.84,301.3,-128.24,360,39.4,354,2.5,21.5,85.6,939.4
24/1/2020 14:00,125.96,303.92,-124.805,362,50.8,358,2.3,21.4,86.1,939.2
24/1/2020 15:00,118.44,309.16,-121.37,366,31.8,332,3.6,21.4,85,939.2
24/1/2020 16:00,116.56,309.16,-119.08,378,36.1,349,2.4,21.4,83.7,939
24/1/2020 17:00,112.8,311.78,-114.5,382,37,353,3.1,21.2,83.6,939
24/1/2020 18:00,107.16,319.64,-108.775,384,22.6,354,2.3,21,84.4,939
24/1/2020 19:00,105.28,319.64,-103.05,398,21.3,349,2.4,20.9,84.4,938.8
24/1/2020 20:00,103.4,319.64,-98.47,400,21.3,341,2.3,20.8,84.3,938.6
24/1/2020 21:00,101.52,319.64,-93.89,404,20.9,354,2.9,20.9,83.9,938.5
24/1/2020 22:00,107.16,311.78,-93.89,408,21.2,1,1.9,20.9,83.3,938.5
24/1/2020 23:00,109.04,311.78,-90.455,396,25.2,6,2.5,20.8,83.6,938.3
25/1/2020 00:00,114.68,306.54,-85.875,396,22.6,355,2,20.8,83.7,938.3
25/1/2020 01:00,114.68,306.54,-81.295,384,9.4,1,2.2,20.8,83.8,938.3
25/1/2020 02:00,114.68,303.92,-75.57,382,3.3,350,1.6,20.8,83.2,938.3
25/1/2020 03:00,114.68,303.92,-70.99,382,0.1,333,2.2,20.8,83.1,938.2
25/1/2020 04:00,114.68,303.92,-67.555,384,0.1,5,1.2,20.8,83.2,938.3
25/1/2020 05:00,118.44,296.06,-62.975,386,3.5,7,1.7,20.8,83.2,938.3
25/1/2020 06:00,118.44,296.06,-60.685,378,19.7,351,2.4,20.7,81.8,938.3
25/1/2020 07:00,120.32,296.06,-56.105,378,32.5,349,2.9,20.9,80.8,938.3
25/1/2020 08:00,125.96,288.2,-54.96,378,19.6,9,1.9,20.6,83,938.2
25/1/2020 09:00,125.96,285.58,-52.67,366,19.5,359,2.9,20.7,82.2,938.1
25/1/2020 10:00,131.6,280.34,-51.525,366,24.8,351,3.4,20.7,81.4,938.1
25/1/2020 11:00,131.6,277.72,-52.67,356,20.5,355,3.2,20.7,80.9,938.1
25/1/2020 12:00,131.6,277.72,-51.525,358,35.1,355,3.5,20.7,80.8,938.2
25/1/2020 13:00,131.6,275.1,-49.235,358,27.3,11,2.5,20.5,81.7,938.3
25/1/2020 14:00,137.24,269.86,-48.09,360,51.1,356,2,20.5,81.4,938.3
25/1/2020 15:00,148.52,262,-48.09,350,31.4,357,2.1,20.3,82.2,938.3
25/1/2020 16:00,154.16,254.14,-45.8,328,37.9,1,3,20.4,81.7,938.4
25/1/2020 17:00,154.16,256.76,-45.8,320,31.9,350,3,20.4,81.7,938.4
25/1/2020 18:00,161.68,256.76,-45.8,322,32.5,346,2,20.4,81,938.5
25/1/2020 19:00,172.96,243.66,-45.8,310,20.5,355,2.6,20.4,82,938.5
25/1/2020 20:00,178.6,238.42,-46.945,290,29.6,356,2.5,20.4,81.9,938.6
25/1/2020 21:00,189.88,225.32,-50.38,278,22,346,2.4,20.4,81.5,938.7
25/1/2020 22:00,195.52,209.6,-54.96,250,18.3,353,2.6,20.3,81.3,938.9
25/1/2020 23:00,201.16,209.6,-59.54,228,9,354,1.8,20.4,81.2,938.9
26/1/2020 00:00,204.92,201.74,-67.555,214,16.6,352,2.7,20.5,80.7,939
26/1/2020 01:00,212.44,183.4,-74.425,204,7.2,0,3.7,20.8,79,939.2
26/1/2020 02:00,216.2,170.3,-85.875,182,2.2,349,2.1,20.8,80,939.3
26/1/2020 03:00,221.84,154.58,-101.905,172,6.7,357,2.8,21,79.4,939.4
26/1/2020 04:00,225.6,141.48,-117.935,166,2.1,350,2.9,21.2,78.6,939.4
26/1/2020 05:00,229.36,131,-133.965,156,1.2,1,2.8,21.4,76.8,939.5
26/1/2020 06:00,225.6,133.62,-152.285,138,11.6,4,2.3,21.6,76.6,939.9
26/1/2020 07:00,221.84,133.62,-169.46,140,2.1,346,1.6,21.7,76.3,939.8
26/1/2020 08:00,208.68,146.72,-187.78,142,5.2,356,3.1,21.9,75.4,939.9
26/1/2020 09:00,195.52,162.44,-203.81,166,19.5,332,1.7,22.2,74.4,939.9
26/1/2020 10:00,182.36,183.4,-217.55,196,23.9,352,2.2,22.3,75.5,940.1
26/1/2020 11:00,174.84,186.02,-227.855,234,28.5,344,3.9,22.5,74.3,940.1
26/1/2020 12:00,169.2,186.02,-229,266,37.3,354,2.7,22.7,72.7,940.2
26/1/2020 13:00,159.8,201.74,-230.145,276,38.5,348,4.1,22.8,71.8,940.2
26/1/2020 14:00,157.92,201.74,-229,296,56,348,2.5,NA,NA,940.2
26/1/2020 15:00,154.16,201.74,-226.71,298,47.5,349,2.7,NA,NA,940.2
26/1/2020 16:00,152.28,204.36,-225.565,300,34.5,353,3.2,23.7,67.9,940.3
26/1/2020 17:00,150.4,204.36,-220.985,302,35,350,3.7,NA,NA,940.2
26/1/2020 18:00,144.76,209.6,-217.55,304,17.6,5,3.2,NA,NA,940.1
26/1/2020 19:00,144.76,209.6,-212.97,314,10.9,355,4,NA,NA,940.2
26/1/2020 20:00,148.52,204.36,-207.245,316,1.8,340,3.6,24.6,63.4,940.2
26/1/2020 21:00,146.64,201.74,-203.81,306,3.3,10,2.8,24.7,64.6,940.2
26/1/2020 22:00,141,209.6,-200.375,300,4.5,14,2.3,25.1,63.7,940.2
26/1/2020 23:00,133.48,214.84,-198.085,318,7.6,354,3.5,25.3,63.1,940.1
27/1/2020 00:00,133.48,217.46,-193.505,330,5.5,358,3.9,25.1,63,940
27/1/2020 01:00,125.96,225.32,-192.36,328,15.5,350,3.1,25.3,61.6,939.8
27/1/2020 02:00,120.32,230.56,-190.07,338,10.5,356,3,25.7,62.1,939.5
27/1/2020 03:00,116.56,230.56,-185.49,350,6.3,22,2.1,25.6,61.1,939.3
27/1/2020 04:00,114.68,230.56,-184.345,356,9.4,9,3.3,25.7,59.9,939.2
27/1/2020 05:00,114.68,230.56,-179.765,358,19.2,353,3,25.6,61.5,939
27/1/2020 06:00,116.56,227.94,-172.895,358,46.4,3,2.6,26.2,60.3,938.7
27/1/2020 07:00,122.2,220.08,-164.88,356,41.3,351,1.7,26.8,61,938.5
27/1/2020 08:00,125.96,212.22,-163.735,344,29.8,3,3.3,26.4,58.1,938.4
27/1/2020 09:00,122.2,217.46,-161.445,332,28.8,360,3.7,26.2,58.8,938.4
27/1/2020 10:00,122.2,217.46,-159.155,342,50.3,11,3.8,26.8,59.3,938.1
27/1/2020 11:00,122.2,217.46,-156.865,342,31,0,3.1,26.9,57.3,937.8
27/1/2020 12:00,122.2,217.46,-154.575,340,47.4,21,3.2,26.5,57.9,937.7
27/1/2020 13:00,131.6,222.7,-154.575,340,40.6,347,2.1,26.9,56.7,937.6
27/1/2020 14:00,129.72,209.6,-155.72,322,29.5,27,3.2,26.9,57.5,937.5
27/1/2020 15:00,131.6,209.6,-156.865,326,46,350,1.8,27,57.4,937.5
27/1/2020 16:00,131.6,206.98,-156.865,324,41.4,0,1.9,27.4,55.9,937.5
27/1/2020 17:00,129.72,206.98,-156.865,324,34.9,16,2.5,27.6,56.7,937.4
27/1/2020 18:00,131.6,220.08,-155.72,322,20.6,20,3.4,27,56.9,937.3
27/1/2020 19:00,131.6,220.08,-156.865,320,20.5,351,2.5,26.9,59.5,937.1
27/1/2020 20:00,137.24,212.22,-159.155,324,15.9,351,1.6,27,57.6,937
27/1/2020 21:00,142.88,206.98,-161.445,314,10.4,20,1,27.1,57.2,936.9
27/1/2020 22:00,150.4,199.12,-162.59,304,15.2,359,2.7,27.1,56.1,936.8
27/1/2020 23:00,159.8,188.64,-164.88,292,18.1,355,1.2,27,57.1,936.7
28/1/2020 00:00,161.68,186.02,-166.025,270,12.8,29,2.7,27.1,56.6,936.6
28/1/2020 01:00,161.68,180.78,-167.17,268,6.4,7,1.7,27.1,56.7,936.6
28/1/2020 02:00,159.8,180.78,-168.315,268,5.6,330,1.6,26.9,58,936.6
28/1/2020 03:00,165.44,167.68,-169.46,276,11.3,347,2.7,26.6,58,936.5
28/1/2020 04:00,171.08,154.58,-170.605,264,14.3,354,1.8,26.8,58.1,936.7
28/1/2020 05:00,178.6,141.48,-176.33,252,28.5,359,1.9,26.5,58.3,936.8
28/1/2020 06:00,176.72,138.86,-183.2,212,54.9,3,2.2,26,59,936.9
28/1/2020 07:00,176.72,138.86,-191.215,216,NA,17,3,25.8,59.1,937.1
28/1/2020 08:00,178.6,141.48,-196.94,220,NA,16,2,25.4,60.8,937.1
28/1/2020 09:00,184.24,128.38,-200.375,224,47.6,28,1.9,25,63,937.2
28/1/2020 10:00,189.88,115.28,-204.955,214,37.9,18,2.8,24.5,62.4,937.3
28/1/2020 11:00,188,112.66,-215.26,188,30.4,352,1.9,24.3,63.7,937.3
28/1/2020 12:00,193.64,102.18,-224.42,192,33.2,359,1.8,23.9,63.9,937.3
28/1/2020 13:00,199.28,94.32,-230.145,182,41.5,18,2.7,23.7,65.1,937.5
28/1/2020 14:00,203.04,94.32,-239.305,164,47.2,359,2.5,23.4,65.8,937.7
28/1/2020 15:00,199.28,96.94,-247.32,150,45.1,353,1.4,23.1,66.6,937.8
28/1/2020 16:00,197.4,94.32,-258.77,156,42.2,357,1.7,22.7,68.2,937.9
28/1/2020 17:00,203.04,86.46,-265.64,162,39.7,12,1.8,22.4,69,937.9
28/1/2020 18:00,201.16,83.84,-271.365,152,23.3,355,1.5,22,70.1,937.9
28/1/2020 19:00,193.64,89.08,-272.51,152,12.5,351,2.1,21.7,70.8,938.1
28/1/2020 20:00,193.64,89.08,-270.22,176,12.5,0,1.3,21.5,70.4,938.2
28/1/2020 21:00,199.28,89.08,-270.22,180,7,357,1.9,21.4,70.3,938.4
28/1/2020 22:00,203.04,89.08,-267.93,162,13.1,355,1.8,21.2,70.2,938.5
28/1/2020 23:00,199.28,89.08,-267.93,146,15.1,339,1,21.1,71.8,938.6
29/1/2020 00:00,189.88,89.08,-266.785,156,1.5,359,2.1,20.9,71.1,938.6
29/1/2020 01:00,188,86.46,-267.93,178,2.3,4,2.3,20.8,71.7,938.7
29/1/2020 02:00,186.12,86.46,-266.785,178,8.4,353,1.6,20.8,71.4,938.7
29/1/2020 03:00,174.84,96.94,-263.35,180,0.2,359,1.3,20.6,71.7,938.9
29/1/2020 04:00,167.32,104.8,-261.06,208,0.1,350,2.1,20.4,72.3,939.1
29/1/2020 05:00,159.8,117.9,-257.625,232,7.8,3,2,20.2,74.1,939.2
29/1/2020 06:00,159.8,117.9,-254.19,270,32.1,22,1.2,20.1,73.9,939.3
29/1/2020 07:00,159.8,117.9,-250.755,270,51,2,0.9,20,73,939.5
29/1/2020 08:00,159.8,120.52,-248.465,272,36.5,353,1.6,20.1,73,939.6
29/1/2020 09:00,167.32,102.18,-243.885,276,42.7,355,1.5,20.1,71.4,939.6
29/1/2020 10:00,169.2,110.04,-239.305,250,37.7,348,2,20.1,71.1,939.8
29/1/2020 11:00,169.2,107.42,-237.015,242,37.8,349,1.2,20.2,70.6,939.8
29/1/2020 12:00,169.2,107.42,-233.58,242,30,3,2,20.3,70.3,939.8
29/1/2020 13:00,169.2,107.42,-230.145,242,45.5,351,0.6,20.1,71.3,939.9
29/1/2020 14:00,171.08,107.42,-226.71,236,58.5,0,1.1,20,71.5,940
29/1/2020 15:00,171.08,104.8,-224.42,232,49.8,327,0.7,19.9,71.3,940.1
29/1/2020 16:00,172.96,104.8,-222.13,232,45.8,353,1.3,20.1,71,940
29/1/2020 17:00,178.6,96.94,-218.695,230,36.3,25,1.2,20.2,71.7,940.1
29/1/2020 18:00,186.12,96.94,-216.405,206,31.2,351,1.5,20.2,71,940.1
29/1/2020 19:00,186.12,96.94,-214.115,182,20.9,23,1.7,20.1,71.4,940.1
29/1/2020 20:00,182.36,94.32,-211.825,182,18.1,13,0.9,20.1,72,940.1
29/1/2020 21:00,174.84,104.8,-211.825,184,10.6,12,1.5,20.1,71.3,939.9
29/1/2020 22:00,167.32,104.8,-210.68,216,9.7,5,1.6,20.1,71.8,939.8
29/1/2020 23:00,176.72,104.8,-209.535,248,15,3,1.8,20,71.8,939.8
30/1/2020 00:00,178.6,104.8,-208.39,218,8,5,1.4,20.1,71.8,939.7
30/1/2020 01:00,182.36,104.8,-207.245,212,17.9,341,1.7,19.9,72.3,939.6
30/1/2020 02:00,191.76,96.94,-206.1,208,13.3,352,1.7,19.9,72.4,939.6
30/1/2020 03:00,199.28,86.46,-206.1,182,8.1,345,1.9,20.2,72.2,939.7
30/1/2020 04:00,199.28,86.46,-204.955,156,11.8,355,1.6,20,72.7,939.6
30/1/2020 05:00,199.28,86.46,-201.52,156,24.4,21,1.4,20.1,73.4,939.6
30/1/2020 06:00,199.28,86.46,-199.23,160,64.2,2,1.2,20,73.7,939.4
30/1/2020 07:00,199.28,86.46,-196.94,162,63.6,348,1.4,20,74.8,939.3
30/1/2020 08:00,199.28,86.46,-195.795,162,46.2,5,1.2,19.9,75.1,939.3
30/1/2020 09:00,199.28,86.46,-194.65,162,37.7,339,1.5,20,74.6,939.2
30/1/2020 10:00,197.4,86.46,-192.36,162,43.1,352,1.2,19.9,75.3,939.1
30/1/2020 11:00,197.4,86.46,-191.215,168,44.1,7,1.2,19.8,76.1,939
30/1/2020 12:00,197.4,89.08,-190.07,170,53.2,8,2.1,20.2,74.7,938.9
30/1/2020 13:00,197.4,89.08,-190.07,168,43.3,14,1.5,20.1,75.2,938.8
30/1/2020 14:00,195.52,89.08,-191.215,172,41,4,1.2,19.9,76,938.7
30/1/2020 15:00,203.04,81.22,-190.07,178,53.4,8,1.1,19.7,76.1,938.6
30/1/2020 16:00,203.04,81.22,-191.215,158,38.3,354,1.4,20,74,938.5
30/1/2020 17:00,201.16,81.22,-190.07,160,39.8,353,1.7,20,74.2,938.4
30/1/2020 18:00,201.16,81.22,-190.07,160,20.8,3,1.6,19.9,75.2,938.2
30/1/2020 19:00,197.4,89.08,-188.925,164,21,1,1.5,19.9,75.8,938.1
30/1/2020 20:00,197.4,89.08,-187.78,180,17.6,22,1.1,19.8,76.3,937.9
30/1/2020 21:00,191.76,86.46,-185.49,178,18.6,328,1.5,19.8,76.9,937.9
30/1/2020 22:00,201.16,86.46,-183.2,204,2.3,350,1.4,19.7,79.1,937.7
30/1/2020 23:00,208.68,81.22,-180.91,178,7.4,312,0.6,19.6,80,937.6
31/1/2020 00:00,210.56,81.22,-179.765,156,14.9,311,1.2,19,83.1,937.5
31/1/2020 01:00,218.08,75.98,-176.33,152,14.5,285,0.7,18.5,87.7,937.5
31/1/2020 02:00,223.72,70.74,-176.33,136,18,273,1.3,18.1,92.4,937.5
31/1/2020 03:00,216.2,75.98,-176.33,122,18.4,343,0.6,17.7,96.1,937.5
31/1/2020 04:00,208.68,78.6,-179.765,136,23.7,337,0.3,17.5,99.4,937.3
31/1/2020 05:00,208.68,78.6,-180.91,156,26.1,317,0.6,17.5,100,937.3
31/1/2020 06:00,203.04,86.46,-180.91,156,44.4,344,1,18.6,96.3,937.3
31/1/2020 07:00,203.04,86.46,-179.765,172,44.1,5,0.9,18.6,95.4,937.4
31/1/2020 08:00,203.04,86.46,-178.62,172,42.9,82,0.2,17.6,100,937.3
31/1/2020 09:00,201.16,86.46,-175.185,172,51.2,24,0.4,17.7,100,937.3
31/1/2020 10:00,201.16,86.46,-175.185,178,45.8,340,0.3,18.1,100,937.3
31/1/2020 11:00,208.68,81.22,-175.185,180,30.8,269,2.1,18.3,100,937.4
31/1/2020 12:00,216.2,75.98,-176.33,162,44,308,1.8,18.1,100,937.4
31/1/2020 13:00,218.08,73.36,-175.185,144,42.5,355,1.1,18.8,100,937.5
31/1/2020 14:00,218.08,73.36,-174.04,144,56.1,302,0.5,19,100,937.5
31/1/2020 15:00,219.96,73.36,-171.75,142,61,351,0.6,18,100,937.6
31/1/2020 16:00,219.96,73.36,-172.895,140,50.8,122,0.5,18,100,937.6
31/1/2020 17:00,219.96,73.36,-169.46,142,40.3,300,2.1,18.1,100,937.8
31/1/2020 18:00,219.96,73.36,-168.315,144,32.5,24,1.6,18.8,100,937.8
31/1/2020 19:00,219.96,73.36,-167.17,140,24.2,309,1.6,19.5,100,938
31/1/2020 20:00,219.96,75.98,-164.88,140,15.7,348,1.3,19.8,99.7,938
31/1/2020 21:00,227.48,70.74,-164.88,146,17,6,1.5,20.2,99.1,938.2
31/1/2020 22:00,236.88,68.12,-163.735,138,15.5,24,0.8,20.9,93.7,938.2
31/1/2020 23:00,244.4,65.5,-164.88,124,8.2,348,1.6,21.3,90,938.3
1/2/2020 00:00,253.8,65.5,-168.315,112,15.4,20,1.8,21.7,87.2,938.4
1/2/2020 01:00,265.08,57.64,-169.46,104,8,32,2.5,21.9,84.9,938.5
1/2/2020 02:00,276.36,47.16,-175.185,96,9.8,29,2.4,22.1,84.1,938.6
1/2/2020 03:00,291.4,31.44,-179.765,92,9.2,35,1.7,22.3,84.2,938.7
1/2/2020 04:00,302.68,20.96,-184.345,78,3.9,341,1.1,22.5,80,938.8
1/2/2020 05:00,304.56,20.96,-190.07,58,11.7,357,2.1,22.9,77.4,938.9
1/2/2020 06:00,304.56,20.96,-194.65,56,34.8,357,1.8,22.9,78.6,939
1/2/2020 07:00,302.68,23.58,-196.94,58,46.2,29,1.4,23.3,77.7,939
1/2/2020 08:00,302.68,23.58,-199.23,60,55.7,3,1.7,23.4,76.4,939
1/2/2020 09:00,298.92,23.58,-199.23,64,44.4,23,1.6,23.2,76.9,938.9
1/2/2020 10:00,298.92,23.58,-199.23,70,51.7,38,2.1,23.5,76.6,938.9
1/2/2020 11:00,297.04,23.58,-196.94,72,34.3,18,2.3,23.5,76.9,939
1/2/2020 12:00,297.04,23.58,-195.795,76,41.3,346,1.6,23.7,72.2,938.8
1/2/2020 13:00,298.92,26.2,-192.36,76,37.6,350,2.1,23.9,72,938.7
1/2/2020 14:00,298.92,28.82,-190.07,74,45.8,22,1.7,24.1,74,938.7
1/2/2020 15:00,295.16,31.44,-188.925,74,47.6,356,1.3,24.6,69,938.5
1/2/2020 16:00,293.28,31.44,-186.635,78,51.2,18,2.5,24.6,70.6,938.4
1/2/2020 17:00,285.76,31.44,-183.2,82,37.5,345,3.4,24.2,72.2,938.2
1/2/2020 18:00,289.52,31.44,-178.62,90,34.3,360,2,24.7,70.3,938
1/2/2020 19:00,280.12,41.92,-175.185,86,26.8,358,2,25.2,68,937.9
1/2/2020 20:00,270.72,49.78,-171.75,90,13.6,351,2.1,25.4,66.7,937.9
1/2/2020 21:00,268.84,49.78,-169.46,94,7,358,2.2,25.1,67.1,937.6
1/2/2020 22:00,259.44,57.64,-166.025,94,3.4,1,1.4,25.7,66.8,937.3
1/2/2020 23:00,244.4,65.5,-161.445,100,1.6,1,1.2,26.1,65,937
2/2/2020 00:00,246.28,65.5,-159.155,122,6,350,2.2,26,65.1,936.9
2/2/2020 01:00,246.28,65.5,-156.865,122,0.1,360,2.8,26.3,62.1,936.8
2/2/2020 02:00,251.92,65.5,-154.575,124,0.3,355,2.3,26.6,61.4,936.5
2/2/2020 03:00,250.04,65.5,-153.43,112,0.1,11,1.5,26.5,63.5,936.4
2/2/2020 04:00,248.16,65.5,-149.995,112,0.1,6,1.7,26.9,61.3,936.2
2/2/2020 05:00,242.52,65.5,-147.705,112,0.1,5,1.7,27.6,62,935.9
2/2/2020 06:00,244.4,65.5,-146.56,120,0.1,340,2.2,27.1,60.4,935.9
2/2/2020 07:00,244.4,65.5,-146.56,118,0,18,2.3,27.6,59,935.7
2/2/2020 08:00,246.28,65.5,-146.56,118,6.5,358,2.1,27.9,58.2,935.5
2/2/2020 09:00,246.28,65.5,-146.56,118,11.4,321,0.9,27.7,59.2,935.4
2/2/2020 10:00,255.68,65.5,-145.415,120,13.8,350,0.8,28.2,59.8,935.2
2/2/2020 11:00,263.2,57.64,-145.415,110,15,336,1.4,28.4,57.4,935.1
2/2/2020 12:00,265.08,57.64,-145.415,102,27.9,335,0.8,28.4,58.3,934.9
2/2/2020 13:00,274.48,47.16,-145.415,102,19.3,287,2.7,28.5,58.4,934.9
2/2/2020 14:00,285.76,39.3,-144.27,96,31.1,353,1.7,28.9,56.2,934.6
2/2/2020 15:00,298.92,31.44,-143.125,92,42.6,349,2,28.7,58.4,934.5
2/2/2020 16:00,312.08,20.96,-140.835,84,33,339,0.5,29.2,55.8,934.5
2/2/2020 17:00,321.48,7.86,-144.27,60,30.5,317,1,28.7,57.7,934.6
2/2/2020 18:00,330.88,-2.62,-143.125,46,20.7,360,1.3,28.7,58.7,934.6
2/2/2020 19:00,340.28,-5.24,-141.98,30,3.6,358,1.4,28.7,58.6,934.6
2/2/2020 20:00,332.76,-5.24,-138.545,8,0.3,333,1,28.6,59.3,934.7
2/2/2020 21:00,330.88,-5.24,-136.255,28,0.1,327,1.7,28.3,59.1,934.7
2/2/2020 22:00,321.48,5.24,-133.965,28,0.1,352,1.7,27.6,60.9,934.8
2/2/2020 23:00,312.08,5.24,-132.82,48,0.1,351,1.5,27.3,61,934.8
3/2/2020 00:00,317.72,7.86,-130.53,70,0.1,332,1.2,27,62.5,934.9
3/2/2020 01:00,315.84,7.86,-128.24,60,0.1,350,1.8,27,61.7,935
3/2/2020 02:00,306.44,18.34,-127.095,60,0.5,360,2.3,26.4,63.7,935.2
3/2/2020 03:00,304.56,18.34,-125.95,82,0.2,349,1.9,26,65,935.5
3/2/2020 04:00,306.44,18.34,-123.66,86,0.1,350,1.5,25.6,65.5,935.5
3/2/2020 05:00,306.44,18.34,-120.225,84,0.1,341,1.5,25.4,66.4,935.5
3/2/2020 06:00,308.32,18.34,-117.935,84,3.6,8,2.4,25.1,67.1,935.7
3/2/2020 07:00,308.32,18.34,-115.645,84,4,14,1.6,24.8,69,935.9
3/2/2020 08:00,317.72,7.86,-111.065,82,11.5,357,1.7,24.5,68.8,936.1
3/2/2020 09:00,325.24,-2.62,-108.775,68,12.8,356,2,24.4,69.8,936.3
3/2/2020 10:00,330.88,-5.24,-107.63,54,13.7,353,1.4,24.2,70.3,936.3
3/2/2020 11:00,330.88,-5.24,-105.34,40,17,355,2.5,23.9,70.5,936.4
3/2/2020 12:00,338.4,-7.86,-104.195,46,28.6,354,2.1,23.7,71.9,936.5
3/2/2020 13:00,340.28,-7.86,-100.76,28,27.8,358,2.4,23.5,72.6,936.6
3/2/2020 14:00,340.28,0,-98.47,28,34.9,350,2.3,23.4,73.1,936.9
3/2/2020 15:00,347.8,-5.24,-98.47,28,49.2,349,1.7,23.2,73.6,936.9
3/2/2020 16:00,347.8,-5.24,-98.47,12,44.8,355,1.6,23,74.9,937
3/2/2020 17:00,347.8,-5.24,-100.76,14,29.4,351,1.7,22.9,74.4,937.2
3/2/2020 18:00,347.8,-2.62,-101.905,16,22.1,353,1.9,22.8,75.2,937.5
3/2/2020 19:00,349.68,-2.62,-100.76,18,16.8,355,1.6,22.8,75.2,937.6
3/2/2020 20:00,357.2,-2.62,-103.05,20,8.5,31,1.1,22.7,75,937.8
